name,sex,year,rank,count
Jennifer,F,1980,1.0,58381
Michael,M,1980,1.0,68690
Jessica,F,1985,1.0,48346
Ashley,F,1991,1.0,43480
Emily,F,1996,1.0,25151
Jacob,M,1999,1.0,35369
Emma,F,2008,1.0,18823
Isabella,F,2009,1.0,22316
Sophia,F,2011,1.0,21856
Noah,M,2013,1.0,18276
Liam,M,2017,1.0,18849
Olivia,F,2019,1.0,18549
Amanda,F,1980,2.0,35813
Christopher,M,1980,2.0,49089
Matthew,M,1995,2.0,32877
Hannah,F,1998,2.0,21375
Madison,F,2001,2.0,22166
Ethan,M,2009,2.0,19849
Mason,M,2011,2.0,19522
Jason,M,1980,3.0,48170
Brittany,F,1989,3.0,37792
Sarah,F,1993,3.0,24254
Samantha,F,1998,3.0,20194
Alexis,F,1999,3.0,19235
Joshua,M,2002,3.0,25997
William,M,2011,3.0,17354
Ava,F,2016,3.0,16338
Oliver,M,2019,3.0,13953
Charlotte,F,2021,3.0,13336
David,M,1980,4.0,41900
Melissa,F,1980,4.0,31637
Abigail,F,2005,4.0,15755
Alexander,M,2009,4.0,18247
Jayden,M,2010,4.0,17192
James,M,2017,4.0,14346
Elijah,M,2020,4.0,13172
Amelia,F,2021,4.0,13007
Daniel,M,1985,5.0,38563
Andrew,M,1988,5.0,35747
Tyler,M,1993,5.0,29799
Nicholas,M,1999,5.0,25639
Logan,M,2017,5.0,14042
Heather,F,1980,6.0,19973
Amy,F,1981,6.0,20346
Nicole,F,1982,6.0,21707
Stephanie,F,1984,6.0,23025
Brandon,M,1992,6.0,29623
Taylor,F,1994,6.0,20734
Joseph,M,2003,6.0,21382
Mia,F,2013,6.0,13162
Benjamin,M,2016,6.0,14673
Justin,M,1988,7.0,35056
Anthony,M,2007,7.0,19633
Henry,M,2022,7.0,11221
John,M,1980,8.0,35280
Elizabeth,F,1982,8.0,20508
Robert,M,1985,8.0,32096
Lucas,M,2018,8.0,12653
Crystal,F,1982,9.0,19104
Lauren,F,1989,9.0,21066
Austin,M,1996,9.0,25661
Rachel,F,1996,9.0,16118
Chloe,F,2009,9.0,11916
Aiden,M,2010,9.0,15544
Evelyn,F,2017,9.0,10741
Harper,F,2018,9.0,10633
Michelle,F,1980,10.0,19122
Megan,F,1985,10.0,20015
Theodore,M,2021,10.0,9581
Luna,F,2022,10.0,8922
Kimberly,F,1980,11.0,18499
Ryan,M,1986,11.0,29523
Kayla,F,1995,11.0,16087
Alyssa,F,1998,11.0,13709
Addison,F,2007,11.0,11947
Camila,F,2020,11.0,8159
Jack,M,2021,11.0,9548
Mateo,M,2022,11.0,10321
Angela,F,1980,12.0,17968
Brian,M,1980,12.0,28719
Rebecca,F,1981,12.0,16738
Christina,F,1985,12.0,16598
Zachary,M,1994,12.0,25138
Ella,F,2011,12.0,9595
Avery,F,2013,12.0,9183
Sofia,F,2014,12.0,9605
Levi,M,2021,12.0,9523
Tiffany,F,1982,13.0,17173
Amber,F,1986,13.0,16954
Grace,F,2003,13.0,12781
Natalie,F,2008,13.0,10202
Gianna,F,2020,13.0,7890
Sebastian,M,2022,13.0,9341
Laura,F,1985,14.0,16003
Danielle,F,1987,14.0,17007
Brianna,F,1999,14.0,12417
Mila,F,2018,14.0,8160
Jackson,M,2021,14.0,9251
Scarlett,F,2022,14.0,7224
Jonathan,M,1988,15.0,24350
Chelsea,F,1992,15.0,16173
Lily,F,2011,15.0,8188
Aubrey,F,2012,15.0,8056
Eleanor,F,2021,15.0,7088
Eric,M,1980,16.0,22624
Lisa,F,1980,16.0,15666
Victoria,F,1998,16.0,12147
Courtney,F,1990,17.0,15380
Jeremy,M,1980,18.0,19897
Adam,M,1983,18.0,23489
Erin,F,1983,18.0,14838
Kyle,M,1990,18.0,22709
Owen,M,2022,18.0,8546
Kelly,F,1980,19.0,13715
Kevin,M,1987,19.0,20415
Anna,F,2001,19.0,10586
Dylan,M,2003,19.0,15703
Hailey,F,2010,19.0,7024
Aria,F,2018,19.0,7421
Asher,M,2022,19.0,8350
Timothy,M,1980,20.0,19152
Nathan,M,2004,20.0,14632
Zoey,F,2012,20.0,7476
Samuel,M,2022,20.0,8342
Violet,F,2022,20.0,6434
Christian,M,2006,21.0,14485
Gabriel,M,2010,21.0,12882
Brooklyn,F,2011,21.0,7175
Penelope,F,2022,21.0,6388
Steven,M,1989,22.0,18926
Morgan,F,1997,22.0,10342
Destiny,F,2001,22.0,9752
Lillian,F,2010,22.0,6953
Riley,F,2016,22.0,7153
Leo,M,2022,22.0,8250
Thomas,M,1982,23.0,17590
Kelsey,F,1992,23.0,11713
Jasmine,F,1993,23.0,12062
Sydney,F,1999,23.0,9649
Layla,F,2019,23.0,6510
Jamie,F,1980,24.0,11529
Andrea,F,1981,24.0,11686
Cody,M,1991,24.0,18979
Leah,F,2010,24.0,6540
Carter,M,2015,24.0,10808
Mary,F,1980,25.0,11476
April,F,1981,25.0,11404
Katherine,F,1991,25.0,11494
Nevaeh,F,2010,25.0,6430
Wyatt,M,2017,25.0,9716
Ezra,M,2022,25.0,7943
Richard,M,1980,26.0,16659
Sara,F,1981,26.0,11357
Alexandra,F,1995,26.0,10159
Jordan,M,1997,26.0,14761
Kaylee,F,2009,26.0,7216
Jeffrey,M,1980,27.0,16383
Julia,F,2001,27.0,8838
Nora,F,2021,27.0,6267
Hazel,F,2022,27.0,6125
Hudson,M,2022,27.0,7883
Aaron,M,1994,28.0,14386
Haley,F,2000,28.0,9069
Jose,M,2004,28.0,12187
Isaac,M,2013,28.0,10127
Luke,M,2014,28.0,10516
Luca,M,2022,28.0,7803
Charles,M,1980,29.0,14965
Shannon,F,1980,29.0,9668
Ellie,F,2020,29.0,5592
Kaitlyn,F,2000,30.0,8759
Angel,M,2006,30.0,11600
Savannah,F,2006,30.0,7096
Gavin,M,2008,30.0,11747
Allison,F,2009,30.0,6581
Zoe,F,2012,30.0,6464
Mark,M,1980,31.0,14164
Kristin,F,1981,31.0,9737
Erica,F,1986,31.0,9973
Cameron,M,2000,31.0,12762
Caleb,M,2009,31.0,10997
Julian,M,2019,31.0,8433
Aurora,F,2022,31.0,5956
Julie,F,1980,32.0,8911
Whitney,F,1986,32.0,9537
Landon,M,2010,32.0,10482
Alexa,F,2015,32.0,6053
Grayson,M,2018,32.0,8595
Nova,F,2021,32.0,5549
Scott,M,1980,33.0,13303
Kristen,F,1982,33.0,9534
Shelby,F,1991,33.0,10219
Gabriella,F,2009,33.0,6150
Audrey,F,2013,33.0,5602
Isla,F,2021,33.0,5536
Paul,M,1980,35.0,11822
Lindsey,F,1983,35.0,8681
Stephen,M,1983,35.0,11563
Patrick,M,1991,35.0,12414
Hunter,M,2000,35.0,12538
Evan,M,2009,35.0,10279
Maria,F,1980,36.0,7871
Lindsay,F,1983,36.0,8621
Brayden,M,2011,36.0,9018
Aaliyah,F,2012,36.0,5519
Travis,M,1980,37.0,10767
Jesse,M,1981,37.0,10448
Sean,M,1986,37.0,11784
Makayla,F,2008,37.0,5955
Ariana,F,2014,37.0,5500
Willow,F,2022,37.0,5025
Katie,F,1986,38.0,8333
Connor,M,2004,38.0,10049
Stella,F,2018,38.0,5159
Chad,M,1980,39.0,10147
Aidan,M,2003,39.0,10067
Isaiah,M,2006,39.0,10456
Jaxon,M,2018,39.0,7752
Gregory,M,1982,40.0,10147
Alicia,F,1984,40.0,7820
Mackenzie,F,2001,40.0,6934
Arianna,F,2014,40.0,5273
Claire,F,2016,40.0,5215
Lincoln,M,2020,40.0,7048
Emilia,F,2021,40.0,4850
Maverick,M,2022,40.0,6991
Christine,F,1980,41.0,7084
Kenneth,M,1980,41.0,9611
Brandy,F,1981,41.0,6895
Dustin,M,1984,41.0,10400
Vanessa,F,1988,41.0,7516
Brittney,F,1989,41.0,7835
Eliana,F,2022,41.0,4780
Peyton,F,2009,42.0,5317
Khloe,F,2010,42.0,5409
Skylar,F,2015,42.0,5292
Everly,F,2019,42.0,4775
Ivy,F,2022,42.0,4772
Tara,F,1980,43.0,6284
Brooke,F,2003,43.0,5971
Angelina,F,2005,43.0,5812
Eli,M,2012,43.0,8074
Elias,M,2022,43.0,6684
Caitlin,F,1988,44.0,7246
Monica,F,1980,45.0,6035
Jenna,F,2001,45.0,6142
Paisley,F,2015,45.0,5087
Josiah,M,2019,45.0,6818
Carrie,F,1980,46.0,5762
Gabrielle,F,1999,46.0,6130
Juan,M,1999,46.0,7800
Sadie,F,2014,46.0,4870
Naomi,F,2022,46.0,4463
Shawn,M,1980,47.0,7699
Bryan,M,1983,47.0,8191
Alex,M,1995,47.0,7424
Paige,F,2003,47.0,5758
Lucy,F,2021,47.0,4447
Kathryn,F,1981,48.0,5823
Holly,F,1983,48.0,6387
Faith,F,2002,48.0,5527
Trinity,F,2004,48.0,5638
Bella,F,2010,48.0,5131
Santiago,M,2022,48.0,6017
Misty,F,1980,49.0,5542
Cassandra,F,1990,49.0,7054
Sierra,F,1999,49.0,5715
Luis,M,2000,49.0,7662
Kylie,F,2004,49.0,5557
Elena,F,2022,49.0,4274
Ezekiel,M,2022,49.0,5993
Derek,M,1980,50.0,7245
Bradley,M,1981,50.0,6895
Brandi,F,1981,50.0,5527
Madeline,F,1998,50.0,5869
Jocelyn,F,2007,50.0,5292
Jeremiah,M,2011,50.0,7624
Patricia,F,1980,51.0,5310
Edward,M,1981,51.0,6660
Jared,M,1998,51.0,7461
Sophie,F,2011,51.0,4732
Maya,F,2022,51.0,4208
Katelyn,F,2001,52.0,5440
Serenity,F,2013,52.0,4464
Donald,M,1980,53.0,6270
Stacy,F,1980,53.0,5058
Jacqueline,F,1983,53.0,5404
Krystal,F,1985,53.0,5933
Marissa,F,1994,53.0,6245
Sabrina,F,1997,53.0,5816
Aubree,F,2013,53.0,4453
Cooper,M,2022,53.0,5609
Karen,F,1980,54.0,5056
Kennedy,F,2014,54.0,4497
Peter,M,1980,55.0,5968
Corey,M,1989,55.0,8004
Genesis,F,2013,55.0,4304
Caroline,F,2017,55.0,4290
Miles,M,2021,55.0,5717
Keith,M,1980,56.0,5887
Tracy,F,1980,56.0,4969
Leslie,F,1981,56.0,4934
Dakota,M,1995,56.0,6575
Diego,M,2006,56.0,8403
Adrian,M,2008,56.0,7936
Valentina,F,2022,56.0,3881
Marcus,M,1984,57.0,5998
Kristina,F,1985,57.0,5566
Miranda,F,1995,57.0,5978
Annabelle,F,2014,57.0,4360
Kinsley,F,2021,57.0,3878
Ronald,M,1980,58.0,5756
Trevor,M,1994,58.0,6359
Devin,M,1995,58.0,6190
Delilah,F,2021,58.0,3748
Cory,M,1988,59.0,6269
Carlos,M,1999,59.0,6664
Madelyn,F,2009,59.0,4496
Colton,M,2019,59.0,5731
Kai,M,2022,59.0,5343
Leilani,F,2022,59.0,3834
George,M,1980,60.0,5301
Melanie,F,1980,60.0,4842
Cynthia,F,1981,60.0,4857
Latoya,F,1984,60.0,5051
Bailey,F,1998,60.0,5197
Nathaniel,M,1998,60.0,6427
Nolan,M,2021,60.0,5341
Chase,M,2009,61.0,7388
Douglas,M,1980,62.0,5180
Susan,F,1980,62.0,4705
Gary,M,1981,62.0,4948
Mariah,F,1998,62.0,5085
Ruby,F,2021,62.0,3588
Diana,F,1982,63.0,4429
Meghan,F,1985,63.0,4670
Seth,M,2000,63.0,6717
Adeline,F,2016,63.0,4118
Erik,M,1980,64.0,4916
Autumn,F,2013,64.0,3962
Alice,F,2022,64.0,3498
Phillip,M,1980,65.0,4635
Joel,M,1981,65.0,4541
Catherine,F,1985,65.0,4296
Shane,M,1987,65.0,5304
Ian,M,2003,65.0,6466
Jill,F,1980,66.0,4558
Raymond,M,1980,66.0,4575
Ariel,F,1991,66.0,5410
Jesus,M,2001,66.0,6425
Jace,M,2013,66.0,6395
Easton,M,2016,66.0,5640
Waylon,M,2022,66.0,4897
Dawn,F,1980,67.0,4479
Dana,F,1982,67.0,4238
Piper,F,2015,67.0,4137
Veronica,F,1981,68.0,4314
Kathleen,F,1985,68.0,4087
Briana,F,1994,68.0,5000
Cheyenne,F,1996,68.0,4865
Tristan,M,1996,68.0,5458
Xavier,M,2007,68.0,6560
Ayden,M,2012,68.0,6232
Dominic,M,2013,68.0,6331
Roman,M,2022,68.0,4706
Brett,M,1986,69.0,4731
Alexandria,F,1993,69.0,5027
Cole,M,2002,69.0,6037
Larry,M,1980,70.0,4265
Craig,M,1983,70.0,4087
Natasha,F,1986,70.0,3873
Brody,M,2008,70.0,6298
Carson,M,2018,70.0,5254
Josephine,F,2022,70.0,3236
Wesley,M,2022,70.0,4644
Valerie,F,1985,71.0,3881
Mitchell,M,1994,71.0,5370
Hayden,M,2007,71.0,6276
Blake,M,2012,71.0,6044
Cora,F,2019,71.0,3596
Tina,F,1980,72.0,4260
Antonio,M,1987,72.0,4420
Valeria,F,2009,72.0,4091
Parker,M,2015,72.0,5418
Axel,M,2020,72.0,4655
Todd,M,1981,73.0,3957
Erika,F,1989,73.0,4191
Dillon,M,1992,73.0,5062
Eva,F,2017,73.0,3642
Quinn,F,2022,73.0,3091
Derrick,M,1980,74.0,4135
Stacey,F,1980,74.0,4222
Sandra,F,1981,74.0,4035
Molly,F,1991,74.0,4651
Breanna,F,1996,74.0,4700
Garrett,M,2000,74.0,5840
Jaden,M,2007,74.0,6257
Wendy,F,1980,75.0,4143
Jada,F,2001,75.0,3983
Bentley,M,2011,75.0,5584
Leonardo,M,2022,75.0,4347
Lori,F,1980,76.0,4085
Pamela,F,1981,76.0,3884
Ashton,M,2004,76.0,5436
Jaxson,M,2018,76.0,4763
Brooks,M,2022,76.0,4336
Kendra,F,1987,77.0,3841
Greyson,M,2018,77.0,4751
Jameson,M,2019,77.0,4671
Kristy,F,1980,78.0,4059
Candice,F,1982,78.0,3791
Vincent,M,1990,78.0,4803
Kiara,F,1999,78.0,4024
Athena,F,2022,78.0,3008
Walker,M,2022,78.0,4232
Heidi,F,1980,79.0,4026
Shaun,M,1980,79.0,3923
Philip,M,1982,79.0,3643
Isabelle,F,2007,79.0,4105
Payton,F,2010,79.0,3586
Natalia,F,2021,79.0,3202
Dennis,M,1980,80.0,3807
Sheena,F,1984,80.0,3598
Casey,F,1986,80.0,3423
Lydia,F,2015,80.0,3508
Frank,M,1980,81.0,3737
Everett,M,2022,81.0,4100
Victor,M,1990,82.0,4444
Tanner,M,1997,82.0,4676
Mikayla,F,1998,82.0,3858
Emery,F,2022,82.0,2961
Weston,M,2022,82.0,4090
Christy,F,1980,83.0,3673
Dominique,F,1985,83.0,3299
Mallory,F,1986,83.0,3325
Isabel,F,2003,83.0,3853
Bennett,M,2022,83.0,4082
Brent,M,1980,84.0,3544
Bianca,F,1990,84.0,3829
Spencer,M,1998,84.0,4619
Iris,F,2022,84.0,2922
Colin,M,2004,85.0,5122
London,F,2013,85.0,3458
Eloise,F,2022,85.0,2888
Dalton,M,1994,86.0,4244
Miguel,M,2000,86.0,4672
Jade,F,2002,86.0,3630
Bryson,M,2017,86.0,4666
Randy,M,1980,87.0,3392
Katrina,F,1982,87.0,3322
Bethany,F,1987,87.0,3294
Silas,M,2022,87.0,3996
Tanya,F,1980,88.0,3437
Joanna,F,1984,88.0,3330
Alejandro,M,1999,88.0,4319
Curtis,M,1980,89.0,3332
Felicia,F,1986,89.0,3082
Margaret,F,1986,89.0,3082
Jase,M,2013,89.0,4554
Beau,M,2022,89.0,3939
Jeffery,M,1980,90.0,3324
Kayden,M,2014,90.0,4738
Micah,M,2022,90.0,3933
Selena,F,1995,91.0,3824
Caden,M,2006,91.0,4775
Melinda,F,1980,92.0,3202
Russell,M,1980,92.0,3271
Bryce,M,2000,92.0,4318
Kaden,M,2006,92.0,4746
Arya,F,2019,92.0,3049
Monique,F,1980,93.0,3162
Nichole,F,1983,93.0,2927
Krista,F,1986,93.0,3054
Kaitlin,F,1994,93.0,3501
Brady,M,2007,93.0,4951
Jerry,M,1980,94.0,3192
Teresa,F,1980,94.0,3148
Desiree,F,1983,94.0,2915
Gracie,F,2005,94.0,3371
Sawyer,M,2015,94.0,4270
Everleigh,F,2020,94.0,2820
Denise,F,1980,95.0,3146
Kara,F,1984,95.0,2855
Ryder,M,2014,95.0,4107
Vivian,F,2015,95.0,3203
Clara,F,2017,95.0,3044
Declan,M,2019,95.0,3968
Tammy,F,1980,96.0,3134
Jillian,F,1982,96.0,3056
Alison,F,1986,96.0,2975
Brendan,M,1999,96.0,3994
Jake,M,2000,96.0,4091
Max,M,2011,96.0,3956
Rowan,M,2022,96.0,3742
Tonya,F,1980,97.0,3081
Renee,F,1983,97.0,2847
Angelica,F,1996,97.0,3404
Malik,M,1996,97.0,4025
Mya,F,2009,97.0,3414
Reagan,F,2012,97.0,3087
Rylee,F,2021,97.0,2709
Liliana,F,2022,97.0,2768
Rachael,F,1987,98.0,2833
Damian,M,2013,98.0,3974
Ayla,F,2022,98.0,2735
Theresa,F,1981,99.0,2943
Cassidy,F,1999,99.0,3395
Colby,M,2001,99.0,3859
Jayla,F,2006,99.0,3410
Camden,M,2013,99.0,3896
Brielle,F,2018,99.0,2933
Theo,M,2022,99.0,3614
Billy,M,1980,100.0,2991
Gina,F,1980,100.0,2991
Michaela,F,1997,100.0,3398
Hadley,F,2014,100.0,3013
Raelynn,F,2022,100.0,2702
Terry,M,1980,101.0,2982
Nancy,F,1981,101.0,2912
Mario,M,1980,102.0,2937
Robin,F,1981,102.0,2869
Alan,M,1983,102.0,2772
Candace,F,1984,102.0,2668
Gabriela,F,2003,102.0,3361
Carl,M,1980,103.0,2936
Lilly,F,2011,103.0,2871
Emmett,M,2021,103.0,3653
Gael,M,2022,104.0,3503
Maeve,F,2022,104.0,2659
Anne,F,1981,105.0,2809
Stefanie,F,1983,105.0,2667
Lyla,F,2022,105.0,2655
River,M,2022,105.0,3467
Beth,F,1980,106.0,2849
Troy,M,1980,106.0,2833
Maxwell,M,1999,106.0,3338
Jalen,M,2000,106.0,3513
Melody,F,2020,106.0,2517
Thiago,M,2022,106.0,3459
Linda,F,1982,107.0,2791
Jorge,M,1993,107.0,3391
Adriana,F,2006,107.0,3095
Harrison,M,2016,107.0,3660
Tamara,F,1980,108.0,2809
Tony,M,1980,108.0,2727
Johnathan,M,1990,108.0,3245
Karina,F,1996,108.0,2867
Daniela,F,2007,108.0,3078
Kaleb,M,2009,108.0,3785
Adalynn,F,2018,108.0,2812
Bobby,M,1980,109.0,2723
Alec,M,1994,109.0,3321
August,M,2022,109.0,3403
Keira,F,2006,110.0,3022
Krystle,F,1985,111.0,2579
Eliza,F,2021,111.0,2480
Brenda,F,1981,112.0,2721
Marquita,F,1983,112.0,2543
Ashlee,F,1987,112.0,2466
Eduardo,M,2001,112.0,3417
Jordyn,F,2010,112.0,2807
Rose,F,2020,112.0,2374
Kingston,M,2021,112.0,3390
Myles,M,2022,112.0,3337
Johnny,M,1980,113.0,2642
Martin,M,1990,113.0,3079
Amir,M,2022,113.0,3333
Francisco,M,1991,114.0,2906
Preston,M,2006,114.0,3718
Ivan,M,2012,114.0,3231
Juniper,F,2022,114.0,2474
Jaclyn,F,1988,115.0,2497
Ricardo,M,1992,115.0,3023
Collin,M,1996,115.0,3358
Grant,M,1997,115.0,3315
Caitlyn,F,1998,115.0,2937
Ashanti,F,2002,115.0,2946
Luka,M,2021,115.0,3202
Brad,M,1980,116.0,2371
Jaime,F,1980,116.0,2647
Lacey,F,1984,116.0,2399
Oscar,M,1999,116.0,3125
Kendall,F,2012,116.0,2625
Jenny,F,1980,117.0,2646
Chelsey,F,1992,117.0,2880
Devon,M,1994,117.0,3034
Giovanni,M,2010,117.0,3434
Eden,F,2022,117.0,2376
Alisha,F,1987,118.0,2392
Britney,F,1989,118.0,2494
Braxton,M,2017,118.0,3344
Ximena,F,2018,118.0,2570
Legend,M,2021,118.0,3173
Remi,F,2022,118.0,2374
Cheryl,F,1980,119.0,2609
Marc,M,1980,119.0,2311
Barbara,F,1981,119.0,2530
Andre,M,1984,119.0,2313
Ana,F,1991,119.0,2649
Brantley,M,2013,119.0,3193
Josie,F,2022,119.0,2352
Danny,M,1980,120.0,2267
Roger,M,1981,120.0,2244
Allen,M,1983,120.0,2246
Meagan,F,1989,120.0,2466
Kassandra,F,1993,120.0,2730
Hayley,F,1996,120.0,2577
Alondra,F,2005,120.0,2721
Alaia,F,2020,120.0,2280
Milo,M,2022,120.0,3087
Rodney,M,1980,121.0,2266
Enzo,M,2022,121.0,3077
Kristi,F,1980,122.0,2525
Ricky,M,1980,122.0,2236
Carly,F,1995,122.0,2585
Kaiden,M,2013,122.0,3109
Ryker,M,2018,122.0,3243
Charlie,F,2020,122.0,2236
Lee,M,1981,123.0,2214
Clinton,M,1981,124.0,2206
Jonathon,M,1990,124.0,2668
Daisy,F,1996,124.0,2514
Abel,M,2015,124.0,3241
Michele,F,1980,125.0,2487
Lawrence,M,1981,125.0,2193
Kristopher,M,1982,125.0,2189
Jimmy,M,1980,126.0,2205
Kelli,F,1980,126.0,2486
Drew,M,1985,126.0,2277
Archer,M,2022,126.0,2914
Lucia,F,2022,126.0,2202
Jon,M,1980,127.0,2179
Lance,M,1984,127.0,2136
Cristian,M,1995,127.0,2847
Ashlyn,F,2005,127.0,2539
Conner,M,2005,127.0,3206
Millie,F,2022,127.0,2182
Alexia,F,2002,128.0,2691
Reese,F,2012,128.0,2459
Jonah,M,2020,128.0,2813
Jasper,M,2021,128.0,2867
Sharon,F,1980,129.0,2383
Randall,M,1983,129.0,2060
Miley,F,2008,129.0,2650
Brooklynn,F,2011,129.0,2411
Atlas,M,2022,129.0,2898
Freya,F,2022,129.0,2167
Tasha,F,1980,130.0,2266
Willie,M,1980,130.0,2168
Amaya,F,2018,130.0,2276
Mindy,F,1980,131.0,2262
Manuel,M,1991,131.0,2498
Summer,F,1997,131.0,2480
Omar,M,2006,131.0,3105
Elliana,F,2021,131.0,2139
Mandy,F,1980,132.0,2232
Micheal,M,1980,132.0,2153
Ebony,F,1982,132.0,2279
Hillary,F,1992,132.0,2521
Nicolas,M,1998,132.0,2920
Adalyn,F,2015,132.0,2456
Jayce,M,2015,132.0,3124
Ann,F,1981,133.0,2123
Esmeralda,F,1998,133.0,2477
Mckenzie,F,2000,133.0,2526
Lizbeth,F,2002,133.0,2569
Braden,M,2005,133.0,3046
Aliyah,F,2011,133.0,2301
Cecilia,F,2021,133.0,2093
Alina,F,2022,133.0,2109
Emersyn,F,2022,133.0,2109
Lorenzo,M,2022,133.0,2824
Giselle,F,2007,134.0,2596
Tabitha,F,1985,135.0,2153
Laila,F,2009,135.0,2378
Sienna,F,2022,135.0,2105
Kari,F,1982,136.0,2220
Yesenia,F,1987,136.0,2003
Dawson,M,1999,136.0,2802
Gage,M,2003,136.0,2939
Kate,F,2007,136.0,2550
Maddox,M,2017,136.0,3042
Norah,F,2017,136.0,2155
Zion,M,2021,136.0,2750
Colleen,F,1980,137.0,2125
Walter,M,1980,137.0,2010
Cassie,F,1982,138.0,2193
Izabella,F,2010,138.0,2252
Kylee,F,2011,138.0,2219
Ryleigh,F,2019,138.0,2021
Adriel,M,2022,138.0,2684
Suzanne,F,1980,139.0,2103
Latasha,F,1981,139.0,2059
Mathew,M,1984,139.0,1969
Raven,F,1993,139.0,2285
Makenzie,F,2011,139.0,2210
Esther,F,2022,139.0,2060
Joe,M,1980,140.0,1989
Meredith,F,1980,140.0,2071
Albert,M,1982,140.0,2023
Adrienne,F,1983,140.0,2078
Amara,F,2019,140.0,1993
Magnolia,F,2021,140.0,1960
Arthur,M,2022,140.0,2674
Sloane,F,2022,140.0,2050
Jay,M,1980,141.0,1987
Edgar,M,1991,142.0,2267
Tori,F,1994,142.0,2222
Regina,F,1980,143.0,2044
Marie,F,1981,143.0,1990
Rebekah,F,1982,143.0,2059
Hope,F,1999,143.0,2265
Alana,F,2007,143.0,2460
Cayden,M,2009,143.0,2748
Emerson,F,2018,143.0,1947
Calvin,M,2020,143.0,2533
Donna,F,1980,144.0,2010
Carolyn,F,1981,144.0,1958
Emmanuel,M,2009,144.0,2736
Sage,F,2022,144.0,1997
Roberto,M,1980,145.0,1880
Marley,F,2008,145.0,2357
Deborah,F,1980,146.0,1937
Wayne,M,1980,146.0,1842
Deanna,F,1981,146.0,1941
Alejandra,F,1994,146.0,2187
Marisa,F,1994,146.0,2187
Juliana,F,2010,146.0,2128
Rylan,M,2011,146.0,2763
Bridget,F,1982,147.0,2008
Ross,M,1985,147.0,1884
Clayton,M,1988,147.0,1890
Sasha,F,1988,147.0,1886
King,M,2017,147.0,2691
Anastasia,F,2018,147.0,1902
Gerald,M,1980,148.0,1818
Nina,F,1980,148.0,1889
Jermaine,M,1980,149.0,1804
Fernando,M,1997,149.0,2315
Javier,M,1998,149.0,2309
Ciara,F,2005,149.0,2324
Rhett,M,2021,149.0,2538
Catalina,F,2022,149.0,1941
Cindy,F,1980,150.0,1866
Diamond,F,1999,150.0,2160
Malachi,M,2006,150.0,2775
Teagan,F,2016,150.0,2044
Elliot,M,2022,150.0,2518
Louis,M,1981,151.0,1806
Chandler,M,1999,151.0,2395
Elise,F,2012,151.0,2121
Jude,M,2021,151.0,2502
Kehlani,F,2021,151.0,1872
Carla,F,1980,152.0,1832
Darius,M,1990,152.0,2033
Andres,M,1993,152.0,2104
Emiliano,M,2022,152.0,2475
Roy,M,1980,153.0,1779
Ace,M,2022,153.0,2474
Kirsten,F,1991,154.0,1931
Chance,M,1996,154.0,2243
Londyn,F,2014,154.0,2094
Ariella,F,2020,154.0,1797
Adrianna,F,1997,155.0,2008
Jazmin,F,2006,155.0,2240
Lila,F,2010,155.0,1969
Genevieve,F,2021,155.0,1834
Graham,M,2022,155.0,2390
Priscilla,F,1988,156.0,1812
Hector,M,1990,156.0,1989
Sergio,M,1992,156.0,2018
Alaina,F,2011,156.0,1998
Blakely,F,2021,156.0,1833
Bruce,M,1980,157.0,1651
Yolanda,F,1980,157.0,1776
Iesha,F,1991,157.0,1896
Paris,F,2004,157.0,2150
Abraham,M,2016,157.0,2581
Arabella,F,2017,157.0,1888
Oakley,F,2022,157.0,1837
Camryn,F,1999,158.0,2048
Cesar,M,2004,158.0,2537
Edwin,M,2006,158.0,2671
Elliott,M,2020,158.0,2364
Leon,M,2022,158.0,2361
Olive,F,2022,158.0,1828
Virginia,F,1981,159.0,1802
Finley,F,2017,159.0,1865
Oaklynn,F,2022,159.0,1824
Ember,F,2022,160.0,1819
Frederick,M,1980,161.0,1608
Trisha,F,1980,161.0,1732
Darren,M,1985,161.0,1701
Maurice,M,1980,162.0,1554
Shawna,F,1982,162.0,1770
Shanice,F,1992,162.0,1859
Tevin,M,1992,162.0,1936
Kyla,F,2004,162.0,2038
Karter,M,2020,162.0,2338
Georgia,F,2022,162.0,1751
Cristina,F,1986,163.0,1707
Abby,F,2001,163.0,1986
Dean,M,2022,163.0,2255
Juliette,F,2022,163.0,1748
Bryant,M,1988,164.0,1714
Mercedes,F,1991,164.0,1798
Xander,M,2017,164.0,2410
Joy,F,1980,165.0,1717
Ruben,M,1980,165.0,1487
Hanna,F,1998,165.0,1898
Mariana,F,2005,165.0,2062
Callie,F,2020,165.0,1723
Matteo,M,2021,165.0,2349
Bonnie,F,1980,166.0,1711
Reginald,M,1980,166.0,1480
Erick,M,2007,166.0,2432
Finn,M,2018,166.0,2328
Darrell,M,1980,167.0,1462
Jodi,F,1980,167.0,1700
Zachery,M,1993,167.0,1902
Claudia,F,1997,167.0,1837
Lauryn,F,1999,167.0,1883
Delaney,F,2004,169.0,2002
Ty,M,2005,169.0,2451
Harmony,F,2019,169.0,1707
Arlo,M,2022,169.0,2204
Shania,F,1996,171.0,1836
Jaiden,M,2009,171.0,2269
Adaline,F,2016,171.0,1879
Janet,F,1980,172.0,1610
Jakob,M,2001,172.0,2192
Messiah,M,2021,172.0,2227
June,F,2022,172.0,1695
Paula,F,1980,173.0,1598
Ronnie,M,1980,173.0,1411
Jasmin,F,1994,173.0,1758
Tucker,M,2016,173.0,2310
Alani,F,2022,173.0,1692
Aimee,F,1980,174.0,1590
Marco,M,1996,174.0,1923
Amari,M,2022,174.0,2157
Lainey,F,2022,174.0,1689
Barry,M,1980,175.0,1396
Martha,F,1981,175.0,1572
Shana,F,1984,175.0,1560
Justine,F,1987,175.0,1587
Bria,F,1993,175.0,1698
Nayeli,F,2001,175.0,1845
Karla,F,2002,175.0,1840
Jaylen,M,2009,175.0,2234
Alivia,F,2010,175.0,1766
Ashleigh,F,1991,176.0,1717
Donovan,M,2003,176.0,2211
Julianna,F,2010,176.0,1749
Rosalie,F,2022,176.0,1682
Debra,F,1980,177.0,1558
Eddie,M,1980,177.0,1390
Mckenna,F,2002,177.0,1795
Aniyah,F,2010,177.0,1737
Jerome,M,1980,178.0,1385
Christa,F,1986,178.0,1513
Alexus,F,1996,178.0,1703
Trenton,M,2000,178.0,2063
Nadia,F,2005,178.0,1923
Rhonda,F,1980,179.0,1534
Terrance,M,1980,179.0,1380
Mayra,F,1986,179.0,1502
Kyra,F,2005,179.0,1912
Ruth,F,2022,179.0,1656
Ernest,M,1980,180.0,1369
Cierra,F,1997,180.0,1677
Maci,F,2011,180.0,1734
Kinley,F,2012,180.0,1749
Fiona,F,2017,180.0,1681
Ada,F,2021,180.0,1644
Neil,M,1980,181.0,1348
Shanna,F,1980,181.0,1520
Shaquille,M,1993,181.0,1784
Maggie,F,2001,181.0,1819
Josue,M,2007,181.0,2272
Judah,M,2022,181.0,2062
Damien,M,1980,182.0,1338
Robyn,F,1980,182.0,1501
Jacquelyn,F,1988,182.0,1532
Deja,F,1996,182.0,1638
Carmen,F,1980,183.0,1460
Arielle,F,1991,183.0,1631
Cara,F,1985,184.0,1465
Khadijah,F,1994,184.0,1615
Zayden,M,2016,184.0,2135
Wren,F,2022,184.0,1595
Toni,F,1980,185.0,1453
Myla,F,2022,185.0,1593
Shelly,F,1980,186.0,1451
Allyson,F,1998,186.0,1650
Brynlee,F,2019,186.0,1577
Kristine,F,1985,187.0,1442
Maximus,M,2016,187.0,2126
Pedro,M,1992,188.0,1669
Presley,F,2015,188.0,1727
Elsie,F,2022,188.0,1545
Raul,M,1980,189.0,1288
Geoffrey,M,1983,189.0,1320
Trey,M,1999,189.0,1798
Allie,F,2010,189.0,1636
Brynn,F,2012,189.0,1655
Eugene,M,1980,190.0,1287
Jessie,M,1982,190.0,1329
Kiana,F,1996,190.0,1585
Tessa,F,2007,190.0,1753
Iker,M,2015,190.0,2176
Sherry,F,1980,191.0,1404
Gemma,F,2021,191.0,1546
Kurt,M,1980,192.0,1282
Diane,F,1983,192.0,1378
Malia,F,2009,192.0,1700
Addyson,F,2010,192.0,1618
Barrett,M,2020,192.0,2007
Felix,M,2022,192.0,1958
Leonard,M,1980,193.0,1277
Margot,F,2022,193.0,1522
Janelle,F,1980,194.0,1396
Julio,M,1990,194.0,1554
Adelyn,F,2016,194.0,1672
Zuri,F,2022,194.0,1513
Clint,M,1980,195.0,1274
Laurie,F,1980,195.0,1337
Tyrone,M,1982,195.0,1280
Rafael,M,1985,195.0,1249
Jazmine,F,1994,195.0,1520
Asia,F,1997,195.0,1532
Beckett,M,2022,195.0,1948
Journee,F,2022,195.0,1508
Drake,M,2010,196.0,1876
Aspen,F,2022,196.0,1502
Matias,M,2022,196.0,1939
Tommy,M,1980,197.0,1258
Dale,M,1981,197.0,1248
Emilio,M,2022,198.0,1900
Marvin,M,1980,199.0,1226
Devante,M,1992,199.0,1565
Cadence,F,2007,199.0,1707
Landen,M,2008,199.0,1976
Zane,M,2018,199.0,2027
Dante,M,1997,200.0,1590
Tyrese,M,1999,200.0,1692
Jayceon,M,2014,200.0,2013
Knox,M,2022,200.0,1891
Steve,M,1980,201.0,1223
Kasey,F,1988,201.0,1298
Cade,M,2001,201.0,1811
Andy,M,2005,201.0,1926
Makenna,F,2010,201.0,1543
Alayna,F,2012,201.0,1548
Zara,F,2022,201.0,1432
Clifford,M,1980,202.0,1215
Tamika,F,1980,202.0,1279
Ellen,F,1989,202.0,1316
Israel,M,2006,202.0,1927
Cali,F,2014,202.0,1661
Harley,F,2017,202.0,1527
Noelle,F,2021,202.0,1473
Beckham,M,2022,202.0,1829
Corbin,M,2014,203.0,1929
Paxton,M,2016,203.0,1992
Rosa,F,1980,204.0,1270
Celeste,F,2004,204.0,1636
Gerardo,M,1996,205.0,1510
Armando,M,1997,205.0,1512
Dominick,M,2003,205.0,1780
Leila,F,2010,205.0,1508
Annie,F,2022,205.0,1408
Kellie,F,1980,206.0,1260
Malcolm,M,1992,206.0,1495
Harold,M,1980,207.0,1190
Saylor,F,2022,207.0,1404
Tracey,F,1980,208.0,1254
Trent,M,2001,208.0,1719
Jax,M,2014,208.0,1854
Sonia,F,1980,209.0,1253
Terrence,M,1980,209.0,1185
Serena,F,2000,209.0,1504
Amira,F,2022,209.0,1385
Hayes,M,2022,209.0,1770
Guadalupe,F,1997,210.0,1406
Katelynn,F,1998,210.0,1457
Savanna,F,2000,210.0,1500
Colt,M,2019,210.0,1832
Jett,M,2022,210.0,1765
Haylee,F,2009,211.0,1522
Lola,F,2010,211.0,1476
Joey,M,1980,212.0,1154
Darryl,M,1984,212.0,1078
Kamila,F,2022,212.0,1379
Jarrod,M,1980,213.0,1146
Sade,F,1986,213.0,1245
Skyler,M,1994,213.0,1355
Tatiana,F,1999,213.0,1466
Lukas,M,2019,213.0,1784
Glenn,M,1980,214.0,1144
Sheila,F,1980,214.0,1213
Ramon,M,1983,214.0,1064
Trista,F,1984,214.0,1215
Dallas,M,1995,214.0,1374
Phoebe,F,2022,214.0,1373
Sonya,F,1980,215.0,1206
Griffin,M,1998,215.0,1491
Kyrie,M,2017,215.0,1779
Tiara,F,1988,216.0,1202
Madeleine,F,1998,216.0,1424
Sutton,F,2022,216.0,1364
Bret,M,1982,217.0,1098
Forrest,M,1994,217.0,1343
Holden,M,2018,217.0,1729
Leigh,F,1980,218.0,1178
Melvin,M,1980,218.0,1104
Nikki,F,1985,218.0,1195
Roxanne,F,1988,218.0,1191
Alberto,M,1991,218.0,1421
Marina,F,1994,218.0,1307
Braylon,M,2009,218.0,1694
Lilah,F,2022,218.0,1356
Keri,F,1984,219.0,1195
Julissa,F,1997,219.0,1355
Macy,F,2003,219.0,1483
Raegan,F,2019,219.0,1405
Dane,M,1986,220.0,1069
Raquel,F,1991,220.0,1273
Stanley,M,1980,221.0,1096
Yvonne,F,1980,221.0,1158
Tia,F,1982,221.0,1182
Byron,M,1983,221.0,1032
Gloria,F,1983,221.0,1150
Enrique,M,2000,221.0,1537
Joselyn,F,2007,221.0,1577
Stacie,F,1980,222.0,1155
Kobe,M,2001,222.0,1552
Keegan,M,2007,222.0,1706
Adonis,M,2021,222.0,1721
Anita,F,1980,223.0,1151
Katlyn,F,1995,223.0,1260
Kailani,F,2022,223.0,1343
Dwayne,M,1980,224.0,1069
Shauna,F,1980,224.0,1142
Marcos,M,1996,224.0,1350
Vera,F,2022,224.0,1330
Karl,M,1980,225.0,1058
Kaia,F,2022,225.0,1323
Shelley,F,1980,226.0,1131
Traci,F,1980,226.0,1131
Kelley,F,1987,226.0,1197
Cortney,F,1990,226.0,1261
Devonte,M,1992,226.0,1325
Journey,F,2018,226.0,1390
Nyla,F,2021,226.0,1319
Hallie,F,2022,226.0,1316
Christie,F,1983,227.0,1099
Taryn,F,1985,227.0,1135
Chelsie,F,1992,227.0,1223
Fatima,F,2001,227.0,1406
Kayleigh,F,2009,227.0,1449
Juliet,F,2017,227.0,1380
Remington,M,2019,227.0,1654
Kerri,F,1980,228.0,1119
Kailey,F,2004,228.0,1439
Daleyza,F,2014,228.0,1466
Simon,M,2013,229.0,1614
Lennon,F,2022,229.0,1309
Ralph,M,1980,230.0,1039
Brittani,F,1990,230.0,1221
Kelsie,F,1993,230.0,1222
Zander,M,2013,230.0,1599
Malakai,M,2022,231.0,1519
Carol,F,1980,232.0,1105
Jeanette,F,1981,232.0,1088
Francis,M,1983,232.0,962
Hilary,F,1990,232.0,1217
Conor,M,1993,232.0,1250
Zackary,M,1994,232.0,1274
Jamal,M,1993,233.0,1246
Vivienne,F,2015,233.0,1430
Nash,M,2021,233.0,1584
Brianne,F,1980,234.0,1089
Chris,M,1980,234.0,990
Terri,F,1981,234.0,1067
Milani,F,2022,234.0,1291
Tate,M,2022,234.0,1484
Randi,F,1982,235.0,1086
Brenna,F,1995,235.0,1212
Marisol,F,1996,235.0,1189
Jaylah,F,2013,235.0,1366
Gunner,M,2014,235.0,1578
Evangeline,F,2021,235.0,1277
Nico,M,2022,235.0,1468
Jayda,F,2009,236.0,1397
Kyler,M,2019,236.0,1606
Camille,F,2022,236.0,1283
Kristie,F,1980,237.0,1083
Clarissa,F,1994,237.0,1185
Tyson,M,2009,237.0,1491
Ashlynn,F,2010,237.0,1327
Phoenix,M,2020,237.0,1525
Charlene,F,1982,238.0,1059
Sylvia,F,1983,238.0,1038
Harlow,F,2021,238.0,1272
Stetson,M,2022,238.0,1460
Leticia,F,1980,239.0,1070
Cedric,M,1982,239.0,977
Imani,F,1996,239.0,1171
Carissa,F,1992,240.0,1156
Lexi,F,2010,240.0,1311
Kash,M,2021,240.0,1477
Christop,M,1989,241.0,1082
Kira,F,2005,241.0,1391
Brennan,M,2009,241.0,1464
Kali,F,2019,241.0,1311
Howard,M,1980,242.0,924
Lacy,F,1983,242.0,972
Brenden,M,1999,242.0,1316
Alissa,F,1997,243.0,1223
Brock,M,2003,243.0,1378
Cash,M,2013,243.0,1483
Charity,F,1980,244.0,1061
Latisha,F,1980,245.0,1057
Kody,M,1993,245.0,1169
Heaven,F,2005,245.0,1334
Aden,M,2006,245.0,1406
Kenzie,F,2014,245.0,1328
Kameron,M,2015,245.0,1506
Lane,M,1995,246.0,1168
Tobias,M,2016,246.0,1522
Lia,F,2018,246.0,1320
Heath,M,1980,247.0,906
Jana,F,1980,247.0,1046
Collins,F,2022,247.0,1230
Angie,F,1980,248.0,1045
Nickolas,M,1989,248.0,1048
Octavia,F,2021,248.0,1234
Lennox,M,2022,248.0,1417
Tristen,M,1996,249.0,1188
Jadyn,F,2005,249.0,1313
Killian,M,2017,249.0,1502
Elaina,F,2020,249.0,1206
Callum,M,2022,249.0,1409
Earl,M,1980,250.0,902
Becky,F,1981,250.0,993
Latonya,F,1981,250.0,993
Nikita,F,1986,250.0,1034
Johnathon,M,1990,250.0,1090
Deandre,M,1995,250.0,1141
Caiden,M,2008,250.0,1402
Kairo,M,2022,250.0,1404
Damon,M,1980,251.0,897
Marshall,M,1983,251.0,834
Branden,M,1987,251.0,913
Khalil,M,1995,251.0,1118
Maximiliano,M,2019,251.0,1457
Lena,F,2022,251.0,1217
Franklin,M,1980,253.0,879
Lynn,F,1980,253.0,1015
Fabian,M,2007,253.0,1396
Kaylani,F,2022,253.0,1213
Alvin,M,1980,254.0,868
Ray,M,1982,254.0,868
Warren,M,1983,254.0,820
Carolina,F,2004,254.0,1270
Kaydence,F,2009,254.0,1288
Crew,M,2022,254.0,1345
Alfred,M,1980,255.0,864
Kathy,F,1980,255.0,1010
Terrell,M,1985,255.0,890
Adelaide,F,2016,255.0,1240
Leia,F,2022,255.0,1210
Harry,M,1980,256.0,860
Tricia,F,1980,256.0,1009
Rene,M,1983,256.0,811
Orlando,M,1987,256.0,877
Emanuel,M,2007,256.0,1385
Annabella,F,2014,256.0,1279
Samara,F,2018,256.0,1268
Janice,F,1980,257.0,1004
Clarence,M,1981,257.0,846
Sidney,F,1999,257.0,1218
Angelo,M,2005,257.0,1294
Marquis,M,1990,258.0,1037
Yahir,M,2003,258.0,1274
Fernanda,F,2009,258.0,1274
Amiyah,F,2016,258.0,1236
Reid,M,2016,258.0,1396
Miriam,F,2021,258.0,1191
Kerry,F,1980,259.0,1000
Rachelle,F,1984,259.0,948
Arturo,M,1990,259.0,1036
Demetrius,M,1991,259.0,1051
Brenton,M,1984,260.0,799
Gustavo,M,2000,260.0,1290
Briella,F,2018,260.0,1254
Camilla,F,2020,260.0,1169
Katharine,F,1982,261.0,949
Justice,F,1995,261.0,1046
Aniya,F,2005,261.0,1246
Amie,F,1980,262.0,981
Gilbert,M,1980,262.0,832
Bobbie,F,1982,262.0,947
Antoine,M,1985,262.0,829
Lilliana,F,2013,262.0,1229
Annette,F,1980,263.0,970
Jane,F,2020,263.0,1168
Stevie,F,2022,263.0,1188
Dulce,F,2007,264.0,1285
Caylee,F,2009,264.0,1247
Atticus,M,2021,264.0,1306
Johanna,F,1984,265.0,918
Desmond,M,1992,265.0,1067
Lucille,F,2017,265.0,1204
Karson,M,2020,265.0,1285
Ronan,M,2022,265.0,1292
Alfredo,M,1980,266.0,820
Alora,F,2022,266.0,1179
Gia,F,2022,266.0,1179
Frances,F,1980,267.0,938
Tiana,F,1995,267.0,1024
Shayla,F,1999,267.0,1187
Danna,F,2010,267.0,1226
Jaqueline,F,2000,268.0,1200
Thea,F,2017,268.0,1191
Clifton,M,1980,269.0,805
Lesley,F,1980,269.0,928
Stuart,M,1985,269.0,780
Kamryn,F,2008,269.0,1270
Lilith,F,2021,269.0,1160
Maureen,F,1982,270.0,915
Saul,M,1997,270.0,1044
Tatyana,F,1999,270.0,1161
Gretchen,F,1980,271.0,917
Aaden,M,2009,271.0,1268
Kyleigh,F,2011,271.0,1172
Lyric,F,2014,271.0,1221
Amina,F,2017,271.0,1177
Hendrix,M,2022,271.0,1261
Helen,F,1980,272.0,914
Kirk,M,1980,272.0,789
Quentin,M,1998,272.0,1052
Charlee,F,2021,272.0,1149
Ophelia,F,2022,272.0,1160
Mikaela,F,1997,273.0,1071
Jonas,M,2008,273.0,1255
Bernard,M,1980,274.0,770
Lakisha,F,1980,274.0,912
Daryl,M,1981,274.0,770
Tatum,F,2022,274.0,1152
Jami,F,1980,275.0,907
Jarod,M,1998,275.0,1045
Joaquin,M,2008,275.0,1245
Evie,F,2022,275.0,1141
Zayn,M,2022,275.0,1258
Alessandra,F,2015,276.0,1140
Adelynn,F,2015,277.0,1138
Cohen,M,2022,277.0,1239
Dorothy,F,1980,278.0,896
Roderick,M,1980,278.0,758
Aziel,M,2022,278.0,1233
Daphne,F,2022,278.0,1129
Keisha,F,1980,279.0,883
Kelvin,M,1985,279.0,741
Nelson,M,1990,279.0,931
Cruz,M,2013,279.0,1249
Titus,M,2015,279.0,1324
Daxton,M,2019,279.0,1275
Kayson,M,2022,279.0,1229
Juanita,F,1981,280.0,874
Darnell,M,1984,280.0,741
Daniella,F,2011,280.0,1141
Anderson,M,2012,280.0,1249
Dahlia,F,2022,280.0,1127
Rory,M,2022,280.0,1225
Perla,F,2003,281.0,1108
Kaylie,F,2006,281.0,1195
Maddison,F,2009,281.0,1165
Yvette,F,1982,282.0,866
Tabatha,F,1983,282.0,837
Jarrett,M,1998,282.0,1019
Blair,F,2022,282.0,1117
Jennie,F,1980,283.0,874
Rita,F,1981,283.0,855
Paislee,F,2016,283.0,1131
Alayah,F,2020,283.0,1126
Pablo,M,2005,284.0,1169
Talia,F,2015,284.0,1122
Bodhi,M,2021,284.0,1219
Wrenley,F,2022,284.0,1114
Wade,M,1980,285.0,735
Annika,F,2003,285.0,1089
Grady,M,2008,285.0,1196
Haven,F,2022,285.0,1109
Norman,M,1980,286.0,725
Jamaal,M,1982,286.0,715
Christin,F,1989,286.0,926
Nikolas,M,1998,286.0,1007
Elisabeth,F,2001,286.0,1093
Adan,M,2004,286.0,1114
Elsa,F,2014,286.0,1140
Madilyn,F,2012,287.0,1100
Niko,M,2022,287.0,1186
Duane,M,1980,288.0,720
Jensen,M,2019,288.0,1193
Sandy,F,1980,289.0,857
Salvador,M,1990,289.0,868
Sherri,F,1980,290.0,855
Vernon,M,1980,290.0,708
Anahi,F,2006,290.0,1142
Irene,F,1980,291.0,850
Ernesto,M,1981,291.0,692
Brandie,F,1983,291.0,810
Rodrigo,M,2007,291.0,1177
Kimora,F,2008,291.0,1145
Bryanna,F,1998,292.0,1027
Madalyn,F,2008,292.0,1144
Jody,F,1980,293.0,848
Leroy,M,1980,293.0,699
Elaine,F,1983,293.0,797
Kiera,F,2007,293.0,1147
Lonnie,M,1980,294.0,696
Tameka,F,1980,294.0,844
Brayan,M,2006,294.0,1149
Palmer,F,2022,294.0,1071
Maliyah,F,2009,295.0,1117
Chasity,F,1980,296.0,840
Quinton,M,1990,296.0,852
Baylee,F,1997,296.0,968
Estrella,F,2005,296.0,1105
Giuliana,F,2012,296.0,1073
Rochelle,F,1981,297.0,813
Prince,M,2019,297.0,1157
Cataleya,F,2021,297.0,1073
Muhammad,M,2022,297.0,1149
Noa,F,2022,297.0,1064
Don,M,1981,298.0,653
Emely,F,2005,298.0,1079
Connie,F,1980,299.0,837
India,F,2001,299.0,1049
Ali,M,2022,299.0,1122
Paola,F,1999,300.0,1027
Orion,M,2018,300.0,1151
Elian,M,2022,300.0,1119
Lorena,F,1980,302.0,820
Julius,M,2007,302.0,1121
Yaretzi,F,2012,302.0,1058
Kenny,M,1981,303.0,633
Gillian,F,1999,303.0,1022
Winter,F,2022,303.0,1048
Toby,M,1980,304.0,648
Emilee,F,2003,304.0,1019
Gideon,M,2017,304.0,1160
Lewis,M,1980,305.0,645
Elyse,F,1987,305.0,803
Zachariah,M,1992,305.0,874
Billie,F,1980,306.0,801
Chrystal,F,1983,306.0,757
Karissa,F,1991,306.0,901
Tayler,F,1993,306.0,871
Zackery,M,1994,306.0,861
Destinee,F,1997,306.0,945
Cairo,M,2022,306.0,1094
Cheyanne,F,1996,307.0,928
Nia,F,2000,307.0,1033
Danica,F,2007,307.0,1109
Kiley,F,2008,307.0,1089
Ellis,M,2022,307.0,1089
Esme,F,2022,307.0,1041
Bradford,M,1980,308.0,630
Antoinette,F,1986,308.0,780
Moises,M,2001,308.0,912
Talan,M,2006,309.0,1060
Otto,M,2022,309.0,1080
Fredrick,M,1980,310.0,621
Rihanna,F,2008,310.0,1075
Ariah,F,2016,310.0,1046
Staci,F,1980,311.0,779
Elisa,F,1981,311.0,775
Rodolfo,M,1981,311.0,610
Simone,F,1988,311.0,797
Denzel,M,1993,311.0,863
Braydon,M,2009,311.0,1032
Evelynn,F,2019,311.0,1030
Glen,M,1981,312.0,609
Constance,F,1982,312.0,780
Addilyn,F,2016,312.0,1040
Gracelynn,F,2020,312.0,1023
Ismael,M,2022,312.0,1072
Mabel,F,2022,312.0,1019
Shaniqua,F,1991,313.0,861
Angelique,F,1992,313.0,885
Darian,F,1994,313.0,869
Trevon,M,1997,313.0,849
Lamar,M,1980,314.0,611
Kassidy,F,2000,314.0,1007
Jayson,M,1980,315.0,608
Jolene,F,1981,315.0,757
Leland,M,2007,315.0,1029
Maribel,F,1980,316.0,767
Dusty,M,1981,316.0,601
Tania,F,1993,316.0,846
Kierra,F,1995,316.0,878
Halle,F,2002,316.0,971
Camron,M,2003,316.0,943
Braylen,M,2011,316.0,1011
Raelyn,F,2016,316.0,1029
Colson,M,2022,316.0,1058
Dexter,M,1987,317.0,665
Reed,M,2014,317.0,1096
Tanisha,F,1982,318.0,758
Brendon,M,1998,318.0,868
Rylie,F,2004,318.0,995
Brycen,M,2011,318.0,999
Kendrick,M,2013,318.0,1046
Norma,F,1980,319.0,758
Shaina,F,1987,319.0,759
Tyra,F,1998,319.0,943
Audrina,F,2011,319.0,985
Kane,M,2018,319.0,1054
Joni,F,1980,320.0,757
Neal,M,1981,320.0,597
Jackie,F,1982,320.0,756
Tierra,F,1993,320.0,826
Esteban,M,2005,320.0,1023
Rocky,M,1980,321.0,598
Gracelyn,F,2020,321.0,969
Braeden,M,2005,322.0,1004
Romeo,M,2012,322.0,980
Patrice,F,1982,323.0,749
Allan,M,1983,323.0,589
Fred,M,1980,324.0,585
Ginger,F,1980,324.0,751
Yasmin,F,2006,324.0,1017
Milan,M,2022,324.0,1036
Meaghan,F,1986,325.0,744
Aubrie,F,2012,325.0,964
Aitana,F,2022,325.0,984
Cyrus,M,2022,326.0,1032
Sally,F,1980,327.0,739
Nicolette,F,1993,327.0,802
Brinley,F,2017,327.0,1000
Odin,M,2021,327.0,1008
Leonel,M,2022,327.0,1028
Itzel,F,2005,328.0,975
Rickey,M,1980,329.0,576
Ari,M,2022,329.0,1020
Joyce,F,1980,330.0,731
Dwight,M,1984,330.0,571
Major,M,2017,330.0,1041
Herbert,M,1980,331.0,568
Lakeisha,F,1980,331.0,729
Analia,F,2009,331.0,997
Kaelyn,F,2009,331.0,997
Lloyd,M,1981,332.0,559
Eileen,F,1983,332.0,689
Jaelyn,F,2008,332.0,1014
Ainsley,F,2013,332.0,974
Ezequiel,M,2022,332.0,1012
Jenifer,F,1980,333.0,724
Janiyah,F,2009,333.0,994
Kent,M,1983,334.0,556
Marely,F,2008,334.0,1005
Elianna,F,2022,334.0,956
Beverly,F,1980,335.0,720
Renata,F,1980,335.0,720
Kurtis,M,1987,335.0,612
Zaiden,M,2013,335.0,965
Greg,M,1980,336.0,559
Rashad,M,1987,336.0,608
Isiah,M,2001,336.0,822
Nehemiah,M,2010,336.0,931
Dream,F,2022,336.0,951
Poppy,F,2022,336.0,951
Donnie,M,1980,337.0,551
Kellen,M,2012,337.0,932
Derick,M,1980,338.0,546
Madisyn,F,2010,338.0,950
Demi,F,2020,338.0,913
Jeff,M,1980,339.0,542
Judith,F,1982,339.0,708
Stefan,M,1991,339.0,719
Royalty,F,2019,339.0,935
Kalani,F,2021,339.0,958
Alma,F,1981,340.0,687
Jordon,M,1991,340.0,716
Alaya,F,2020,340.0,911
Sheri,F,1980,341.0,708
Corinne,F,1991,341.0,772
Marlon,M,1980,342.0,538
Terence,M,1984,342.0,548
Triston,M,1996,342.0,726
Celine,F,2022,342.0,937
Bobbi,F,1982,343.0,687
Lyndsey,F,1983,343.0,670
Clay,M,1995,343.0,714
Wynter,F,2021,343.0,925
Joanne,F,1980,344.0,702
Ben,M,1981,344.0,522
Gordon,M,1982,344.0,538
Jaleesa,F,1988,344.0,718
Marlene,F,1991,344.0,752
Reece,M,2001,344.0,798
Mekhi,M,2004,344.0,826
Kadence,F,2005,344.0,911
Shiloh,F,2022,344.0,923
Tracie,F,1980,345.0,686
Rudy,M,1981,345.0,520
Dayanara,F,2005,345.0,909
Jaxton,M,2018,345.0,963
Leanne,F,1980,346.0,683
Quincy,M,1980,346.0,529
Alyson,F,1987,346.0,694
Felicity,F,2017,346.0,937
Maisie,F,2019,346.0,909
Ariyah,F,2021,346.0,906
Jean,F,1980,347.0,682
Hollie,F,1983,347.0,653
Stephan,M,1987,347.0,566
Jarvis,M,1988,347.0,600
Belinda,F,1980,349.0,681
Reign,F,2021,349.0,889
Kade,M,2022,349.0,933
Koa,M,2022,349.0,933
Luciana,F,2018,350.0,904
Willa,F,2020,350.0,884
Katy,F,1987,351.0,674
Jaimie,F,1987,352.0,670
Guillermo,M,1996,352.0,692
Mauricio,M,2002,352.0,776
Kamden,M,2013,352.0,899
Lana,F,2014,352.0,943
Raiden,M,2022,352.0,930
Ericka,F,1980,353.0,671
Perry,M,1985,353.0,521
Brittni,F,1989,353.0,728
Francesca,F,1996,353.0,786
Keaton,M,2000,353.0,761
Callan,M,2022,353.0,928
Betty,F,1981,354.0,662
Tyrell,M,1992,354.0,669
Keenan,M,1997,354.0,717
Amora,F,2019,354.0,890
Elle,F,2019,354.0,890
Gianni,M,2020,354.0,892
Avianna,F,2021,354.0,879
Alessia,F,2022,354.0,894
Rusty,M,1980,355.0,506
Onyx,M,2022,355.0,916
Remy,M,2022,355.0,916
Audra,F,1982,356.0,659
Kaitlynn,F,1998,356.0,809
Jaheim,M,2002,356.0,752
Macie,F,2011,356.0,905
Noel,M,2014,356.0,900
Nasir,M,2019,356.0,927
Lawson,M,2020,356.0,870
Javon,M,2001,357.0,742
Tamia,F,2001,358.0,828
Kolby,M,2001,359.0,739
Armani,M,2020,359.0,863
Kory,M,1988,360.0,568
Hailee,F,2003,360.0,850
Madyson,F,2007,360.0,905
Saint,M,2022,360.0,907
Chantel,F,1990,361.0,739
Charli,F,2021,361.0,844
Everlee,F,2022,361.0,869
Darlene,F,1980,362.0,653
Davis,M,2001,362.0,733
Ayanna,F,2003,362.0,847
Janiya,F,2008,362.0,914
Kason,M,2019,362.0,896
Thalia,F,1993,363.0,700
Larissa,F,1994,363.0,715
Anya,F,2009,363.0,889
Kellan,M,2011,363.0,819
Nylah,F,2019,363.0,867
Tiffani,F,1981,364.0,643
Julianne,F,1985,364.0,640
Jarred,M,1988,364.0,552
Lesly,F,2003,364.0,839
Selah,F,2022,364.0,865
Paulina,F,2002,365.0,822
Hugo,M,2003,365.0,727
Landyn,M,2012,365.0,829
Sullivan,M,2022,365.0,898
Solomon,M,2016,366.0,904
Bowen,M,2021,366.0,888
Rosemary,F,2022,366.0,863
Devan,M,1994,367.0,646
Gisselle,F,2000,367.0,810
Sherlyn,F,2006,367.0,887
Marlee,F,2008,367.0,890
Skye,F,2014,367.0,887
Aylin,F,2015,367.0,893
Wilder,M,2021,367.0,887
Marilyn,F,1983,368.0,612
Jamar,M,1986,368.0,508
Nataly,F,2008,368.0,885
Porter,M,2014,368.0,857
Kamari,M,2022,368.0,877
Kaila,F,1991,369.0,698
Miracle,F,2019,369.0,862
Luciano,M,2022,369.0,875
Lara,F,1982,370.0,626
Marquise,M,1995,370.0,644
Mckayla,F,1998,370.0,769
Scarlet,F,2013,370.0,847
Gwendolyn,F,2019,370.0,851
Royal,M,2021,370.0,881
Jena,F,1985,371.0,614
Selina,F,1995,371.0,704
Winston,M,2019,371.0,860
Zyaire,M,2022,371.0,867
Haleigh,F,2000,372.0,789
Jadon,M,2003,372.0,702
Kaylin,F,2009,372.0,865
Clark,M,2015,372.0,868
Elisha,F,1980,373.0,624
Haisley,F,2020,373.0,827
Briggs,M,2021,373.0,866
Alisa,F,1980,374.0,621
Blaine,M,1989,374.0,600
Daquan,M,1994,374.0,626
Tristin,M,1996,374.0,630
Madelynn,F,2009,374.0,862
Addisyn,F,2012,374.0,834
Leighton,F,2022,374.0,840
Aisha,F,1980,375.0,619
Judy,F,1982,375.0,613
Ciera,F,1993,375.0,682
Kenya,F,1993,375.0,682
Jodie,F,1980,376.0,618
Fallon,F,1982,376.0,611
Carley,F,1996,376.0,703
Precious,F,1996,376.0,703
Issac,M,2008,376.0,819
Jaslene,F,2008,376.0,872
Abram,M,2013,376.0,806
Cristal,F,1991,377.0,679
Finnegan,M,2021,377.0,860
Archie,M,2022,377.0,855
Breana,F,1994,378.0,678
Duncan,M,1997,378.0,644
Jazlyn,F,2008,378.0,860
Kolton,M,2012,378.0,796
Terra,F,1980,379.0,604
Chaz,M,1988,379.0,526
Shayna,F,1991,379.0,677
Mckinley,F,2014,379.0,862
Zayne,M,2021,379.0,855
Shirley,F,1980,380.0,603
Sheldon,M,1992,380.0,608
Juwan,M,1997,380.0,641
Averie,F,2014,380.0,858
Kashton,M,2022,380.0,845
Christi,F,1980,381.0,602
Kim,F,1980,381.0,602
Chanel,F,1991,381.0,676
Anaya,F,2020,381.0,808
Jayme,F,1985,382.0,597
Carina,F,1995,382.0,689
Gunnar,M,2014,382.0,815
Harvey,M,2017,382.0,855
Ibrahim,M,2019,382.0,820
Shari,F,1984,383.0,580
Darien,M,1994,383.0,607
Sterling,M,2021,383.0,841
Viviana,F,2022,383.0,815
Leanna,F,1989,384.0,659
Sam,M,1991,384.0,590
Kristian,M,1996,384.0,607
Joann,F,1980,385.0,599
Yasmine,F,1997,385.0,684
Rocco,M,2009,385.0,785
Trina,F,1980,386.0,597
Ahmad,M,2001,386.0,662
Uriel,M,2008,386.0,789
Jamari,M,2010,386.0,741
Colten,M,2011,386.0,748
Kennedi,F,2015,386.0,848
Annalise,F,2021,386.0,809
Janay,F,1987,387.0,596
Felipe,M,1993,387.0,594
Jaylin,M,2002,387.0,675
Jimena,F,2005,387.0,811
Litzy,F,2005,388.0,810
Apollo,M,2022,388.0,816
Infant,M,1990,389.0,596
Braelynn,F,2017,389.0,803
Stephani,F,1989,390.0,637
Dangelo,M,1996,390.0,604
Izaiah,M,2011,390.0,726
Jayleen,F,2013,390.0,792
Bristol,F,2019,390.0,787
Ronin,M,2020,390.0,790
Baylor,M,2022,390.0,814
Lakesha,F,1980,391.0,585
Regan,F,2001,391.0,747
Aleah,F,2011,391.0,812
Abbey,F,1999,392.0,710
Royce,M,2019,392.0,799
Blanca,F,1990,393.0,662
Tre,M,1993,393.0,586
Kevon,M,2000,393.0,649
Aviana,F,2016,393.0,843
Malani,F,2022,394.0,789
Antonia,F,1996,395.0,669
Chandra,F,1980,396.0,573
Alfonso,M,1988,396.0,501
Casandra,F,1989,396.0,624
Mathias,M,2022,396.0,797
Kimberley,F,1980,397.0,572
Marsha,F,1980,397.0,572
Kailyn,F,2011,397.0,792
Malaysia,F,2014,397.0,822
Saige,F,2022,397.0,784
Dorian,M,2000,398.0,639
Jaylon,M,2002,398.0,646
Sarai,F,2007,398.0,818
Kristal,F,1982,399.0,582
Donte,M,1997,399.0,589
Kaleigh,F,2001,399.0,729
Janine,F,1983,401.0,541
Adelina,F,2022,401.0,776
Cathy,F,1980,402.0,567
Mandi,F,1981,402.0,561
Laurel,F,1985,402.0,561
Kirstie,F,1991,402.0,634
Princeton,M,2017,402.0,792
Raya,F,2022,402.0,775
Kourtney,F,1990,403.0,646
Davon,M,1994,403.0,566
Maritza,F,2005,403.0,780
Astrid,F,2022,403.0,774
Azalea,F,2022,404.0,772
Banks,M,2022,404.0,785
Melisa,F,1980,405.0,566
Christen,F,1982,405.0,569
Akeem,M,1990,405.0,570
Nathanael,M,1998,405.0,600
Tyree,M,1998,405.0,600
Memphis,M,2021,405.0,765
Bridgette,F,1988,406.0,588
Coty,M,1992,406.0,558
Maranda,F,1994,406.0,616
Liberty,F,2004,406.0,749
Matthias,M,2018,406.0,787
Meadow,F,2022,406.0,768
Penny,F,1980,407.0,556
Teri,F,1981,407.0,544
Bailee,F,1997,407.0,643
Ryland,M,2013,407.0,727
Alijah,M,2021,407.0,761
Deshawn,M,1994,408.0,560
Brylee,F,2012,408.0,767
Alysha,F,1990,410.0,630
Kelsi,F,1991,410.0,624
Deion,M,1996,410.0,566
Aldo,M,2002,410.0,618
Osvaldo,M,2004,410.0,634
Melany,F,2010,410.0,768
Liana,F,2021,410.0,773
America,F,2002,411.0,705
Hattie,F,2022,411.0,759
Jaziel,M,2022,411.0,779
Ashlie,F,1986,412.0,534
Dayana,F,2008,412.0,777
Dax,M,2019,412.0,749
Betsy,F,1980,413.0,536
Marcia,F,1980,413.0,536
Anissa,F,1993,413.0,603
Jaydon,M,2007,413.0,707
Cullen,M,2010,413.0,679
Rhys,M,2021,413.0,749
Jaquan,M,1999,414.0,567
Gannon,M,2014,414.0,750
Matilda,F,2022,414.0,756
Lora,F,1980,415.0,535
Gilberto,M,1993,416.0,559
Santino,M,2021,416.0,737
Dena,F,1980,417.0,530
Raheem,M,1993,417.0,556
Tylor,M,1993,417.0,556
Ally,F,1998,417.0,636
Jalisa,F,1989,418.0,592
Jamarion,M,2005,418.0,640
Lilian,F,2007,418.0,784
Kasen,M,2019,418.0,740
Tami,F,1980,419.0,527
Austen,M,1995,420.0,540
Garret,M,2000,420.0,590
Omarion,M,2005,420.0,639
Allisson,F,2008,420.0,768
Deacon,M,2014,420.0,734
Maia,F,2022,420.0,748
Brodie,M,2008,421.0,693
Tenley,F,2011,422.0,736
Augustus,M,2017,422.0,734
Leonidas,M,2022,422.0,755
Celina,F,1994,423.0,593
Amya,F,2004,423.0,717
Jacoby,M,2008,423.0,691
Cason,M,2014,423.0,725
Kensley,F,2018,423.0,738
Celia,F,1984,424.0,502
Kiersten,F,1996,424.0,602
Yulissa,F,1997,424.0,612
Rhiannon,F,1999,424.0,651
Rosie,F,2022,424.0,741
Carlton,M,1990,425.0,529
Keshia,F,1986,426.0,511
Talon,M,2006,426.0,661
Haylie,F,2007,426.0,770
Lillie,F,2009,426.0,751
Amare,M,2011,426.0,639
Braelyn,F,2011,426.0,735
Mohamed,M,2014,428.0,712
Benson,M,2016,428.0,729
Sonny,M,2022,428.0,720
Dianna,F,1982,429.0,511
Davion,M,2005,429.0,621
Maximilian,M,2013,429.0,676
Lorraine,F,1980,430.0,502
Noe,M,2005,430.0,619
Colter,M,2022,430.0,717
Wilson,M,1992,431.0,513
Damion,M,2002,431.0,579
Rubi,F,2005,431.0,716
Leann,F,1982,432.0,506
Maryam,F,2022,432.0,720
Rogelio,M,1992,433.0,511
Charleigh,F,2019,433.0,737
Baker,M,2022,433.0,709
Tianna,F,1995,434.0,592
Jamison,M,2017,434.0,712
Legacy,F,2021,434.0,723
Antonella,F,2022,434.0,719
Mylee,F,2008,435.0,730
Maren,F,2020,435.0,702
Hank,M,2021,435.0,714
Dariel,M,2022,435.0,707
Kylo,M,2022,435.0,707
Tripp,M,2022,435.0,707
Demarcus,M,1991,436.0,511
Eve,F,2017,436.0,731
Kyson,M,2017,436.0,710
Sylvie,F,2022,436.0,718
Trace,M,1998,437.0,524
Laci,F,2003,437.0,686
Zariah,F,2018,437.0,726
Ashly,F,1987,438.0,507
Korey,M,1990,438.0,507
Abril,F,2007,438.0,737
Micaela,F,1995,439.0,585
Tomas,M,1996,439.0,510
Ford,M,2021,439.0,707
Jaron,M,2001,440.0,551
Mylah,F,2022,440.0,713
Moses,M,2006,441.0,617
Julieta,F,2022,441.0,711
Lorelei,F,2022,441.0,711
Stephany,F,1990,442.0,564
Isabela,F,2004,442.0,695
Jaliyah,F,2011,442.0,703
Edith,F,1995,443.0,577
Emelia,F,2019,443.0,701
Tariq,M,1998,444.0,514
Emilie,F,2001,444.0,626
Emory,F,2020,444.0,693
Nathalie,F,1998,445.0,581
Whitley,F,1988,446.0,508
Margarita,F,1991,446.0,573
Mireya,F,1997,447.0,567
Annabel,F,2014,447.0,716
Kian,M,2018,447.0,674
Colette,F,2022,448.0,697
Lexus,F,1996,449.0,557
Camilo,M,2022,450.0,679
Johan,M,2008,451.0,616
Asa,M,2022,451.0,678
Mira,F,2019,453.0,684
Navy,F,2021,453.0,688
Salem,F,2022,453.0,693
Britany,F,1989,454.0,534
Danika,F,2007,454.0,709
Aileen,F,2009,454.0,685
Arjun,M,2014,454.0,650
Kaison,M,2020,454.0,652
Isaias,M,2022,454.0,674
Keely,F,1997,455.0,555
Essence,F,1998,456.0,565
Melina,F,2009,456.0,681
Lucca,M,2020,456.0,650
Emmalyn,F,2015,457.0,692
Mollie,F,1991,458.0,535
Kaley,F,1993,458.0,546
Abbigail,F,2009,458.0,676
Helena,F,2018,458.0,688
Callen,M,2021,458.0,655
Ramiro,M,2001,459.0,527
Anabelle,F,2013,459.0,664
Ayaan,M,2020,460.0,645
Alanna,F,1996,461.0,543
Kora,F,2022,461.0,682
Kala,F,1989,462.0,525
Coby,M,2001,462.0,516
Pierce,M,2013,462.0,608
Aleena,F,2015,462.0,688
Chyna,F,1999,463.0,573
Luz,F,1999,463.0,573
Avah,F,2018,463.0,679
Janae,F,1994,464.0,545
Brisa,F,2010,464.0,653
Ailani,F,2022,464.0,679
Tess,F,1992,465.0,529
Mohammad,M,2000,465.0,509
Wells,M,2022,465.0,656
Lexie,F,2010,467.0,647
Case,M,2014,467.0,623
Oaklee,F,2022,467.0,677
Braiden,M,2010,468.0,556
Jasiah,M,2022,468.0,653
Desirae,F,1993,469.0,540
Carlie,F,1998,469.0,549
Alonzo,M,2019,469.0,633
Beatriz,F,1990,470.0,521
Mariela,F,1992,470.0,524
Cristopher,M,2007,470.0,576
Omari,M,2018,471.0,618
Mack,M,2021,471.0,631
Koda,M,2022,471.0,649
Breanne,F,1991,472.0,517
Lilyana,F,2011,472.0,627
Susana,F,1993,473.0,537
Raylan,M,2015,473.0,630
Kieran,M,2011,474.0,562
Nikolai,M,2015,474.0,629
Kohen,M,2022,474.0,645
Shelbi,F,1991,475.0,513
Yoselin,F,2007,475.0,677
Katalina,F,2022,475.0,666
Katarina,F,1994,476.0,523
Moriah,F,1992,477.0,517
Alexandrea,F,1995,477.0,517
Anika,F,2004,478.0,615
Zaria,F,2000,479.0,568
Madilynn,F,2014,479.0,656
Moshe,M,2021,479.0,621
Lorelai,F,2022,479.0,654
Rohan,M,2004,480.0,522
Bo,M,2021,480.0,620
Denver,M,2022,480.0,642
Laney,F,2005,481.0,635
Leona,F,2020,481.0,633
Shyanne,F,1997,482.0,520
Nixon,M,2017,482.0,607
Ares,M,2022,482.0,639
Raphael,M,2022,483.0,635
Bodie,M,2022,484.0,629
Dalia,F,1994,485.0,516
Kailee,F,1999,485.0,534
Cassius,M,2021,485.0,607
Sylas,M,2022,485.0,623
Kanye,M,2004,486.0,509
Dayton,M,2008,486.0,568
Jaylynn,F,2009,486.0,633
Araceli,F,2002,487.0,573
Adolfo,M,2003,488.0,505
Hailie,F,2003,489.0,594
Keagan,M,2008,489.0,564
Charley,F,2014,489.0,640
Emmy,F,2019,489.0,640
Lyra,F,2021,489.0,640
Amarion,M,2004,490.0,505
Myra,F,2018,490.0,634
Aurelia,F,2022,490.0,639
Will,M,2005,491.0,503
Yaritza,F,1993,492.0,510
Rowen,M,2018,492.0,586
Shepherd,M,2022,492.0,612
Jaxen,M,2013,493.0,554
Oaklyn,F,2018,493.0,630
Xiomara,F,2022,493.0,636
Macey,F,2001,494.0,561
Saniya,F,2007,494.0,655
Kenley,F,2011,494.0,599
Ahmed,M,2012,494.0,540
Kacie,F,1998,495.0,512
Savanah,F,1998,495.0,512
Zaire,M,2022,495.0,608
Estella,F,2022,498.0,628
Dominik,M,2012,499.0,533
Dior,F,2020,499.0,611
Clare,F,1998,500.0,510
Mohammed,M,2014,500.0,565
Emmitt,M,2019,500.0,571
Eithan,M,2022,500.0,603
Jaelynn,F,2010,503.0,592
Giovani,M,2011,503.0,519
Abdiel,M,2019,503.0,568
Nyah,F,2001,504.0,547
Kale,M,2008,504.0,544
Skyla,F,2012,504.0,604
Mae,F,2021,504.0,618
Kenzo,M,2022,504.0,592
Uriah,M,2014,505.0,558
Cannon,M,2021,505.0,580
Jailene,F,1999,506.0,513
Yadira,F,2005,506.0,593
Saniyah,F,2009,506.0,596
Natalee,F,2005,507.0,590
Adley,F,2021,508.0,609
Soren,M,2020,509.0,562
Valentino,M,2022,509.0,580
Yareli,F,2009,510.0,591
Lizette,F,1999,511.0,506
Korbin,M,2014,511.0,545
Henley,F,2016,511.0,607
Abbie,F,2001,512.0,526
Kaylynn,F,2009,512.0,590
Kendal,F,2004,513.0,565
Channing,M,2012,514.0,512
Elora,F,2022,514.0,602
Kylan,M,2022,514.0,573
Keanu,M,2020,515.0,555
Jaycee,F,2011,516.0,568
Carmelo,M,2013,516.0,514
Kaliyah,F,2013,516.0,575
Briar,F,2021,516.0,596
Jaida,F,2008,517.0,598
Ivory,F,2022,517.0,595
Callahan,M,2022,518.0,567
Tadeo,M,2022,518.0,567
Ariya,F,2019,519.0,598
Makai,M,2022,520.0,566
Amiri,M,2022,521.0,565
Cecelia,F,2022,521.0,593
Isis,F,2005,522.0,561
Aarav,M,2014,523.0,531
Monroe,F,2021,523.0,587
Kylian,M,2022,523.0,564
Oakleigh,F,2022,523.0,592
Janessa,F,2004,524.0,544
Conrad,M,2019,524.0,541
Galilea,F,2016,525.0,594
Opal,F,2022,525.0,591
Emberly,F,2018,527.0,593
Chace,M,2009,528.0,511
Yandel,M,2009,528.0,511
Jemma,F,2018,528.0,591
Anabella,F,2014,529.0,585
Roland,M,2017,529.0,534
Ridge,M,2022,531.0,558
Julien,M,2009,533.0,500
Aryanna,F,2012,533.0,570
Duke,M,2018,533.0,529
Shakira,F,2002,534.0,512
Ivanna,F,2017,534.0,578
Jamir,M,2022,534.0,555
Yazmin,F,2006,536.0,561
Adele,F,2012,536.0,564
Braylee,F,2014,537.0,578
Edison,M,2018,537.0,522
Kannon,M,2020,537.0,525
Aiyana,F,2010,538.0,543
Kaya,F,2003,539.0,519
Zain,M,2019,539.0,525
Huxley,M,2020,539.0,524
Mara,F,2021,539.0,568
Ermias,M,2019,540.0,522
Alessandro,M,2022,540.0,546
Kaysen,M,2022,540.0,546
Farrah,F,2011,541.0,537
Layton,M,2015,541.0,527
Santana,M,2020,541.0,521
Madalynn,F,2009,542.0,557
Marcelo,M,2022,542.0,545
Jessa,F,2015,544.0,572
Sincere,M,2022,544.0,542
Ingrid,F,2008,545.0,564
Yusuf,M,2019,545.0,515
Amalia,F,2021,545.0,558
Frankie,F,2022,545.0,562
Lucian,M,2022,545.0,541
Samson,M,2018,546.0,512
Amirah,F,2020,546.0,549
Leandro,M,2022,546.0,539
Mariam,F,2016,547.0,569
Sydnee,F,2003,548.0,506
Brixton,M,2021,549.0,529
Cayson,M,2016,550.0,525
Khaleesi,F,2018,550.0,563
Alia,F,2019,550.0,554
Clementine,F,2021,551.0,554
Sunny,F,2022,551.0,548
Zoie,F,2004,552.0,515
Beatrice,F,2020,552.0,538
Amani,F,2010,553.0,528
Kynlee,F,2017,553.0,559
Nola,F,2020,553.0,537
Indie,F,2022,553.0,547
Arely,F,2007,554.0,552
Karsyn,F,2018,555.0,559
Nalani,F,2022,555.0,545
Lea,F,2011,556.0,527
Jaidyn,F,2008,559.0,549
Zelda,F,2020,559.0,524
Rayan,M,2016,560.0,513
Rio,M,2022,560.0,526
Jolie,F,2008,562.0,546
Amaia,F,2020,562.0,521
Blaire,F,2022,562.0,539
Davina,F,2022,563.0,536
Faye,F,2022,564.0,534
Shaniya,F,2010,565.0,516
Pearl,F,2016,567.0,549
Journi,F,2021,567.0,536
Giana,F,2010,568.0,515
Novah,F,2020,569.0,516
Jazlynn,F,2011,570.0,510
Sloan,F,2021,571.0,530
Yara,F,2022,571.0,522
Montserrat,F,2014,572.0,534
Ander,M,2022,572.0,513
Greta,F,2015,574.0,533
Patience,F,2006,577.0,508
Myah,F,2011,578.0,504
Lylah,F,2021,578.0,521
Lina,F,2022,578.0,514
Reyna,F,2022,578.0,514
Coraline,F,2015,579.0,527
Jaylee,F,2012,581.0,505
Calliope,F,2022,583.0,509
Jordin,F,2007,584.0,512
Emerie,F,2022,586.0,508
Zahra,F,2018,588.0,519
Mina,F,2021,590.0,506
Holland,F,2022,590.0,505
Sevyn,F,2022,591.0,504
Winnie,F,2022,592.0,502
Maleah,F,2009,593.0,508
Kimber,F,2016,593.0,515
Leyla,F,2022,593.0,500
Zaylee,F,2018,597.0,510
Emmie,F,2018,598.0,509
Karlee,F,2008,601.0,511
Lyanna,F,2019,604.0,500
